user_input,retrieved_contexts,response,reference,context_precision,context_recall,faithfulness,answer_relevancy,answer_correctness
Qual è la capacità della batteria del Galaxy S25 Ultra?,"['[Source: None]\nIl Galaxy S25 Ultra è il flagship di Samsung per il 2025. Monta un display Dynamic AMOLED 2X da 6.9 pollici con risoluzione QHD+ e refresh rate variabile da 1 a 120Hz. Il processore è lo Snapdragon 8 Gen 4, accompagnato da 12GB o 16GB di RAM e fino a 1TB di memoria interna UFS 4.0. Il comparto fotografico è composto da una fotocamera principale da 200MP, un ultra-wide da 50MP, un teleobiettivo periscopico da 50MP con zoom ottico 5x e un teleobiettivo da 10MP con zoom 3x. La batteria da 5000mAh supporta ricarica rapida a 45W e wireless a 25W. Il dispositivo è certificato IP68 e integra la S Pen. Il sistema operativo è Android 15 con One UI 7, arricchito da funzionalità AI come Circle to Search e Note Assist.', '[Source: None]\nIl Galaxy S25 Ultra si distingue per la sua capacità di adattarsi a diversi tipi di utenti. La qualità costruttiva è eccellente e la S Pen aggiunge un livello di produttività unico. Tuttavia, alcune funzioni AI risultano ancora acerbe e non sempre intuitive. È un dispositivo pensato per chi vuole il massimo, ma potrebbe risultare sovradimensionato per l’utente medio.', '[Source: None]\nHonor Magic6 Pro colpisce per il design e l’autonomia. Le fotocamere sono versatili, ma il software MagicOS necessita di ottimizzazioni. Alcune funzioni risultano ridondanti e poco intuitive. Buona scelta per chi cerca stile e durata, meno per chi vuole un’interfaccia semplice.', '[Source: None]\nLo Xiaomi 14 Ultra è un camera-phone di fascia alta. Ha un display AMOLED LTPO da 6.73 pollici con risoluzione QHD+ e refresh rate a 120Hz. Il chip Snapdragon 8 Gen 4 è supportato da 12GB o 16GB di RAM e fino a 1TB di memoria. Le fotocamere sono quattro da 50MP, con sensore principale da 1"" ultra-wide, teleobiettivo 3.2x e teleobiettivo periscopico 5x. La batteria da 5300mAh supporta ricarica a 90W. Il sistema operativo è HyperOS basato su Android 15.', '[Source: None]\nIl Pixel 9 Pro XL è ideale per chi cerca un’esperienza Android pura. Le capacità fotografiche sono eccellenti, ma il design resta conservativo. L’integrazione AI è profonda, anche se alcune funzioni sono vincolate ai servizi Google. Ottimo per chi vive nell’ecosistema Google, meno per chi cerca flessibilità.']","OnePlus 13 è pensato per chi cerca prestazioni elevate senza compromessi. Il software è fluido, anche se alcune personalizzazioni possono risultare invasive. La fotocamera è buona, ma non eccelle in condizioni di scarsa luce. Ottimo per utenti esperti, meno per chi cerca semplicità.

Il Galaxy S25 Ultra si distingue per la sua capacità di adattarsi a diversi tipi di utenti. La qualità costruttiva è eccellente e la S Pen aggiunge un livello di produttività unico. Tuttavia, alcune funzioni AI risultano ancora acerbe e non sempre intuitive. È un dispositivo pensato per chi vuole il massimo, ma potrebbe risultare sovradimensionato per l’utente medio.

L’iPhone 16 Pro Max mantiene la tradizione Apple di offrire un’esperienza utente fluida e coerente. Il nuovo chip A18 Pro è potente, ma le novità rispetto al modello precedente sono marginali. Le funzioni AI sono promettenti ma ancora limitate. Ottimo per chi è già nell’ecosistema Apple, meno per chi cerca innovazione radicale.

Honor Magic6 Pro colpisce per il design e l’autonomia. Le fotocamere sono versatili, ma il software MagicOS necessita di ottimizzazioni. Alcune funzioni risultano ridondanti e poco intuitive. Buona scelta per chi cerca stile e durata, meno per chi vuole un’interfaccia semplice.

Lo Xiaomi 14 Ultra è un camera-phone di fascia alta. Ha un display AMOLED LTPO da 6.73 pollici con risoluzione QHD+ e refresh rate a 120Hz. Il chip Snapdragon 8 Gen 4 è supportato da 12GB o 16GB di RAM e fino a 1TB di memoria. Le fotocamere sono quattro da 50MP, con sensore principale da 1"" ultra-wide, teleobiettivo 3.2x e teleobiettivo periscopico 5x. La batteria da 5300mAh supporta ricarica a 90W. Il sistema operativo è HyperOS basato su Android 15.",Il Galaxy S25 Ultra ha una batteria da 5000mAh con ricarica rapida a 45W e wireless a 25W.,0.9999999999,1.0,0.6410256410256411,0.7757848864886437,0.21418602979055568
Quale processore monta l’iPhone 16 Pro Max?,"['[Source: None]\nL’iPhone 16 Pro Max mantiene la tradizione Apple di offrire un’esperienza utente fluida e coerente. Il nuovo chip A18 Pro è potente, ma le novità rispetto al modello precedente sono marginali. Le funzioni AI sono promettenti ma ancora limitate. Ottimo per chi è già nell’ecosistema Apple, meno per chi cerca innovazione radicale.', '[Source: None]\nL’iPhone 16 Pro Max è il top di gamma Apple. Ha un display OLED Super Retina XDR da 6.9 pollici con refresh rate a 120Hz. Il chip A18 Pro garantisce prestazioni elevate, supportato da 8GB di RAM e fino a 1TB di memoria interna. Il comparto fotografico include una fotocamera principale da 48MP, una ultra-wide da 12MP e un teleobiettivo da 12MP con zoom ottico 5x. La batteria è da circa 4500mAh, con ricarica rapida a 30W e wireless MagSafe. Il sistema operativo è iOS 19, con nuove funzioni AI e miglioramenti nell’ecosistema Apple.', '[Source: None]', '\n[Source: None]\nOnePlus 13 è pensato per chi cerca prestazioni elevate senza compromessi. Il software è fluido, anche se alcune personalizzazioni possono risultare invasive. La fotocamera è buona, ma non eccelle in condizioni di scarsa luce. Ottimo per utenti esperti, meno per chi cerca semplicità.', '[Source: None]\nIl Galaxy S25 Ultra si distingue per la sua capacità di adattarsi a diversi tipi di utenti. La qualità costruttiva è eccellente e la S Pen aggiunge un livello di produttività unico. Tuttavia, alcune funzioni AI risultano ancora acerbe e non sempre intuitive. È un dispositivo pensato per chi vuole il massimo, ma potrebbe risultare sovradimensionato per l’utente medio.']","L’iPhone 16 Pro Max mantiene la tradizione Apple di offrire un’esperienza utente fluida e coerente. Il nuovo chip A18 Pro è potente, ma le novità rispetto al modello precedente sono marginali. Le funzioni AI sono promettenti ma ancora limitate. Ottimo per chi è già nell’ecosistema Apple, meno per chi cerca innovazione radicale.

Honor Magic6 Pro colpisce per il design e l’autonomia. Le fotocamere sono versatili, ma il software MagicOS necessita di ottimizzazioni. Alcune funzioni risultano ridondanti e poco intuitive. Buona scelta per chi cerca stile e durata, meno per chi vuole un’interfaccia semplice.

Il Galaxy S25 Ultra si distingue per la sua capacità di adattarsi a diversi tipi di utenti. La qualità costruttiva è eccellente e la S Pen aggiunge un livello di produttività unico. Tuttavia, alcune funzioni AI risultano ancora acerbe e non sempre intuitive. È un dispositivo pensato per chi vuole il massimo, ma potrebbe risultare sovradimensionato per l’utente medio.

OnePlus 13 è un flagship potente e bilanciato. Il display AMOLED LTPO da 6.7 pollici ha risoluzione QHD+ e refresh rate a 120Hz. Il chip Snapdragon 8 Gen 4 è affiancato da 12GB o 16GB di RAM e fino a 512GB di memoria interna. Le fotocamere includono un sensore principale da 50MP, un ultra-wide da 48MP e un teleobiettivo da 64MP con zoom 3x. La batteria da 5400mAh supporta ricarica rapida a 100W. Il sistema operativo è OxygenOS 15 basato su Android 15.

Xiaomi 14 Ultra è un dispositivo pensato per gli appassionati di fotografia. La qualità delle immagini è eccellente, ma il software può risultare complesso. L’interfaccia HyperOS è ricca di funzioni, ma richiede tempo per essere padroneggiata. Ottimo per utenti avanzati, meno per chi cerca immediatezza.",L’iPhone 16 Pro Max monta il chip A18 Pro.,0.99999999995,1.0,0.3695652173913043,0.8385423914433039,0.24784983639759445
Qual è il punto forte del Pixel 9 Pro XL secondo la recensione?,"['[Source: None]\nIl Pixel 9 Pro XL è ideale per chi cerca un’esperienza Android pura. Le capacità fotografiche sono eccellenti, ma il design resta conservativo. L’integrazione AI è profonda, anche se alcune funzioni sono vincolate ai servizi Google. Ottimo per chi vive nell’ecosistema Google, meno per chi cerca flessibilità.', '[Source: None]\nIl Pixel 9 Pro XL è il flagship di Google. Ha un display OLED LTPO da 6.8 pollici con risoluzione QHD+ e refresh rate a 120Hz. Il chip Tensor G4 è ottimizzato per l’AI, con 12GB di RAM e fino a 512GB di memoria. Le fotocamere includono un sensore principale da 50MP, un teleobiettivo da 48MP con zoom 5x e un ultra-wide da 12MP. La batteria da 5000mAh supporta ricarica rapida a 30W. Il sistema operativo è Android 15 con Pixel UI, con aggiornamenti garantiti per 7 anni.', '[Source: None]\nIl Galaxy S25 Ultra si distingue per la sua capacità di adattarsi a diversi tipi di utenti. La qualità costruttiva è eccellente e la S Pen aggiunge un livello di produttività unico. Tuttavia, alcune funzioni AI risultano ancora acerbe e non sempre intuitive. È un dispositivo pensato per chi vuole il massimo, ma potrebbe risultare sovradimensionato per l’utente medio.', '[Source: None]\nOnePlus 13 è pensato per chi cerca prestazioni elevate senza compromessi. Il software è fluido, anche se alcune personalizzazioni possono risultare invasive. La fotocamera è buona, ma non eccelle in condizioni di scarsa luce. Ottimo per utenti esperti, meno per chi cerca semplicità.', '[Source: None]\n']","L’iPhone 16 Pro Max mantiene la tradizione Apple di offrire un’esperienza utente fluida e coerente. Il nuovo chip A18 Pro è potente, ma le novità rispetto al modello precedente sono marginali. Le funzioni AI sono promettenti ma ancora limitate. Ottimo per chi è già nell’ecosistema Apple, meno per chi cerca innovazione radicale.

Honor Magic6 Pro colpisce per il design e l’autonomia. Le fotocamere sono versatili, ma il software MagicOS necessita di ottimizzazioni. Alcune funzioni risultano ridondanti e poco intuitive. Buona scelta per chi cerca stile e durata, meno per chi vuole un’interfaccia semplice.

Il Galaxy S25 Ultra si distingue per la sua capacità di adattarsi a diversi tipi di utenti. La qualità costruttiva è eccellente e la S Pen aggiunge un livello di produttività unico. Tuttavia, alcune funzioni AI risultano ancora acerbe e non sempre intuitive. È un dispositivo pensato per chi vuole il massimo, ma potrebbe risultare sovradimensionato per l’utente medio.

OnePlus 13 è un flagship potente e bilanciato. Il display AMOLED LTPO da 6.7 pollici ha risoluzione QHD+ e refresh rate a 120Hz. Il chip Snapdragon 8 Gen 4 è affiancato da 12GB o 16GB di RAM e fino a 512GB di memoria interna. Le fotocamere includono un sensore principale da 50MP, un ultra-wide da 48MP e un teleobiettivo da 64MP con zoom 3x. La batteria da 5400mAh supporta ricarica rapida a 100W. Il sistema operativo è OxygenOS 15 basato su Android 15.

Xiaomi 14 Ultra è un dispositivo pensato per gli appassionati di fotografia. La qualità delle immagini è eccellente, ma il software può risultare complesso. L’interfaccia HyperOS è ricca di funzioni, ma richiede tempo per essere padroneggiata. Ottimo per utenti avanzati, meno per chi cerca immediatezza.",Il Pixel 9 Pro XL è ideale per chi cerca un’esperienza Android pura e offre ottime capacità fotografiche.,0.9999999999,1.0,0.18604651162790697,0.8202379036474952,0.22046592124541792
Che differenza principale offre lo Xiaomi 14 Ultra?,"['[Source: None]\nLo Xiaomi 14 Ultra è un camera-phone di fascia alta. Ha un display AMOLED LTPO da 6.73 pollici con risoluzione QHD+ e refresh rate a 120Hz. Il chip Snapdragon 8 Gen 4 è supportato da 12GB o 16GB di RAM e fino a 1TB di memoria. Le fotocamere sono quattro da 50MP, con sensore principale da 1"" ultra-wide, teleobiettivo 3.2x e teleobiettivo periscopico 5x. La batteria da 5300mAh supporta ricarica a 90W. Il sistema operativo è HyperOS basato su Android 15.', '[Source: None]\nXiaomi 14 Ultra è un dispositivo pensato per gli appassionati di fotografia. La qualità delle immagini è eccellente, ma il software può risultare complesso. L’interfaccia HyperOS è ricca di funzioni, ma richiede tempo per essere padroneggiata. Ottimo per utenti avanzati, meno per chi cerca immediatezza.', '[Source: None]\nIl Galaxy S25 Ultra si distingue per la sua capacità di adattarsi a diversi tipi di utenti. La qualità costruttiva è eccellente e la S Pen aggiunge un livello di produttività unico. Tuttavia, alcune funzioni AI risultano ancora acerbe e non sempre intuitive. È un dispositivo pensato per chi vuole il massimo, ma potrebbe risultare sovradimensionato per l’utente medio.', '[Source: None]\nOnePlus 13 è pensato per chi cerca prestazioni elevate senza compromessi. Il software è fluido, anche se alcune personalizzazioni possono risultare invasive. La fotocamera è buona, ma non eccelle in condizioni di scarsa luce. Ottimo per utenti esperti, meno per chi cerca semplicità.', '[Source: None]\nOnePlus 13 è un flagship potente e bilanciato. Il display AMOLED LTPO da 6.7 pollici ha risoluzione QHD+ e refresh rate a 120Hz. Il chip Snapdragon 8 Gen 4 è affiancato da 12GB o 16GB di RAM e fino a 512GB di memoria interna. Le fotocamere includono un sensore principale da 50MP, un ultra-wide da 48MP e un teleobiettivo da 64MP con zoom 3x. La batteria da 5400mAh supporta ricarica rapida a 100W. Il sistema operativo è OxygenOS 15 basato su Android 15.', '[Source: None]\nL’iPhone 16 Pro Max mantiene la tradizione Apple di offrire un’esperienza utente fluida e coerente. Il nuovo chip A18 Pro è potente, ma le novità rispetto al modello precedente sono marginali. Le funzioni AI sono promettenti ma ancora limitate. Ottimo per chi è già nell’ecosistema Apple, meno per chi cerca innovazione radicale.', '[Source: None]\nIl Galaxy S25 Ultra è il flagship di Samsung per il 2025. Monta un display Dynamic AMOLED 2X da 6.9 pollici con risoluzione QHD+ e refresh rate variabile da 1 a 120Hz. Il processore è lo Snapdragon 8 Gen 4, accompagnato da 12GB o 16GB di RAM e fino a 1TB di memoria interna UFS 4.0. Il comparto fotografico è composto da una fotocamera principale da 200MP, un ultra-wide da 50MP, un teleobiettivo periscopico da 50MP con zoom ottico 5x e un teleobiettivo da 10MP con zoom 3x. La batteria da 5000mAh supporta ricarica rapida a 45W e wireless a 25W. Il dispositivo è certificato IP68 e integra la S Pen. Il sistema operativo è Android 15 con One UI 7, arricchito da funzionalità AI come Circle to Search e Note Assist.', '[Source: None]\nIl Pixel 9 Pro XL è ideale per chi cerca un’esperienza Android pura. Le capacità fotografiche sono eccellenti, ma il design resta conservativo. L’integrazione AI è profonda, anche se alcune funzioni sono vincolate ai servizi Google. Ottimo per chi vive nell’ecosistema Google, meno per chi cerca flessibilità.']","L’iPhone 16 Pro Max mantiene la tradizione Apple di offrire un’esperienza utente fluida e coerente. Il nuovo chip A18 Pro è potente, ma le novità rispetto al modello precedente sono marginali. Le funzioni AI sono promettenti ma ancora limitate. Ottimo per chi è già nell’ecosistema Apple, meno per chi cerca innovazione radicale.

Honor Magic6 Pro colpisce per il design e l’autonomia. Le fotocamere sono versatili, ma il software MagicOS necessita di ottimizzazioni. Alcune funzioni risultano ridondanti e poco intuitive. Buona scelta per chi cerca stile e durata, meno per chi vuole un’interfaccia semplice.

Il Galaxy S25 Ultra si distingue per la sua capacità di adattarsi a diversi tipi di utenti. La qualità costruttiva è eccellente e la S Pen aggiunge un livello di produttività unico. Tuttavia, alcune funzioni AI risultano ancora acerbe e non sempre intuitive. È un dispositivo pensato per chi vuole il massimo, ma potrebbe risultare sovradimensionato per l’utente medio.

OnePlus 13 è un flagship potente e bilanciato. Il display AMOLED LTPO da 6.7 pollici ha risoluzione QHD+ e refresh rate a 120Hz. Il chip Snapdragon 8 Gen 4 è affiancato da 12GB o 16GB di RAM e fino a 512GB di memoria interna. Le fotocamere includono un sensore principale da 50MP, un ultra-wide da 48MP e un teleobiettivo da 64MP con zoom 3x. La batteria da 5400mAh supporta ricarica rapida a 100W. Il sistema operativo è OxygenOS 15 basato su Android 15.

Xiaomi 14 Ultra è un dispositivo pensato per gli appassionati di fotografia. La qualità delle immagini è eccellente, ma il software può risultare complesso. L’interfaccia HyperOS è ricca di funzioni, ma richiede tempo per essere padroneggiata. Ottimo per utenti avanzati, meno per chi cerca immediatezza.",Lo Xiaomi 14 Ultra si distingue per le sue capacità fotografiche avanzate e la qualità delle immagini.,0.99999999995,1.0,0.7804878048780488,0.8558030407876164,0.2822145644244162
Quanto è grande il display dell’Honor Magic6 Pro?,"['[Source: None]\nHonor Magic6 Pro è un flagship elegante. Il display AMOLED da 6.8 pollici ha risoluzione 2800x1260 e refresh rate a 120Hz. Il chip Snapdragon 8 Gen 3 è accompagnato da 12GB o 16GB di RAM e fino a 1TB di memoria. Le fotocamere includono un sensore principale da 50MP, un ultra-wide da 50MP e un teleobiettivo da 180MP con zoom 2.5x. La batteria da 5600mAh supporta ricarica a 80W. Il sistema operativo è MagicOS 8 basato su Android 15.', '[Source: None]\nIl Galaxy S25 Ultra si distingue per la sua capacità di adattarsi a diversi tipi di utenti. La qualità costruttiva è eccellente e la S Pen aggiunge un livello di produttività unico. Tuttavia, alcune funzioni AI risultano ancora acerbe e non sempre intuitive. È un dispositivo pensato per chi vuole il massimo, ma potrebbe risultare sovradimensionato per l’utente medio.', '[Source: None]\nL’iPhone 16 Pro Max mantiene la tradizione Apple di offrire un’esperienza utente fluida e coerente. Il nuovo chip A18 Pro è potente, ma le novità rispetto al modello precedente sono marginali. Le funzioni AI sono promettenti ma ancora limitate. Ottimo per chi è già nell’ecosistema Apple, meno per chi cerca innovazione radicale.', '[Source: None]\nOnePlus 13 è pensato per chi cerca prestazioni elevate senza compromessi. Il software è fluido, anche se alcune personalizzazioni possono risultare invasive. La fotocamera è buona, ma non eccelle in condizioni di scarsa luce. Ottimo per utenti esperti, meno per chi cerca semplicità.', '[Source: None]\nIl Pixel 9 Pro XL è ideale per chi cerca un’esperienza Android pura. Le capacità fotografiche sono eccellenti, ma il design resta conservativo. L’integrazione AI è profonda, anche se alcune funzioni sono vincolate ai servizi Google. Ottimo per chi vive nell’ecosistema Google, meno per chi cerca flessibilità.']","L’iPhone 16 Pro Max mantiene la tradizione Apple di offrire un’esperienza utente fluida e coerente. Il nuovo chip A18 Pro è potente, ma le novità rispetto al modello precedente sono marginali. Le funzioni AI sono promettenti ma ancora limitate. Ottimo per chi è già nell’ecosistema Apple, meno per chi cerca innovazione radicale.

Honor Magic6 Pro colpisce per il design e l’autonomia. Le fotocamere sono versatili, ma il software MagicOS necessita di ottimizzazioni. Alcune funzioni risultano ridondanti e poco intuitive. Buona scelta per chi cerca stile e durata, meno per chi vuole un’interfaccia semplice.

Il Galaxy S25 Ultra si distingue per la sua capacità di adattarsi a diversi tipi di utenti. La qualità costruttiva è eccellente e la S Pen aggiunge un livello di produttività unico. Tuttavia, alcune funzioni AI risultano ancora acerbe e non sempre intuitive. È un dispositivo pensato per chi vuole il massimo, ma potrebbe risultare sovradimensionato per l’utente medio.

OnePlus 13 è un flagship potente e bilanciato. Il display AMOLED LTPO da 6.7 pollici ha risoluzione QHD+ e refresh rate a 120Hz. Il chip Snapdragon 8 Gen 4 è affiancato da 12GB o 16GB di RAM e fino a 512GB di memoria interna. Le fotocamere includono un sensore principale da 50MP, un ultra-wide da 48MP e un teleobiettivo da 64MP con zoom 3x. La batteria da 5400mAh supporta ricarica rapida a 100W. Il sistema operativo è OxygenOS 15 basato su Android 15.

Xiaomi 14 Ultra è un dispositivo pensato per gli appassionati di fotografia. La qualità delle immagini è eccellente, ma il software può risultare complesso. L’interfaccia HyperOS è ricca di funzioni, ma richiede tempo per essere padroneggiata. Ottimo per utenti avanzati, meno per chi cerca immediatezza.",Honor Magic6 Pro ha un display AMOLED da 6.8 pollici con risoluzione 2800x1260.,0.9999999999,1.0,0.35714285714285715,0.8406275763254784,0.214892766940782
